"Statistic","Year","Value","Type of Registration","UNIT","VALUE"
"Value Profile of New Cars Registered","2005","0 - 7000","Gross registrations","Number","4"
"Value Profile of New Cars Registered","2005","0 - 7000","Exempt registrations","Number",""
"Value Profile of New Cars Registered","2005","0 - 7000","Net registrations","Number","4"
"Value Profile of New Cars Registered","2005","7,001 - 8,000","Gross registrations","Number",""
"Value Profile of New Cars Registered","2005","7,001 - 8,000","Exempt registrations","Number",""
"Value Profile of New Cars Registered","2005","7,001 - 8,000","Net registrations","Number",""
"Value Profile of New Cars Registered","2005","8,001 - 13,000","Gross registrations","Number","3881"
"Value Profile of New Cars Registered","2005","8,001 - 13,000","Exempt registrations","Number","43"
"Value Profile of New Cars Registered","2005","8,001 - 13,000","Net registrations","Number","3838"
"Value Profile of New Cars Registered","2005","13,001 - 14,000","Gross registrations","Number","10490"
"Value Profile of New Cars Registered","2005","13,001 - 14,000","Exempt registrations","Number","89"
"Value Profile of New Cars Registered","2005","13,001 - 14,000","Net registrations","Number","10401"
"Value Profile of New Cars Registered","2005","14,001 - 15,000","Gross registrations","Number","15010"
"Value Profile of New Cars Registered","2005","14,001 - 15,000","Exempt registrations","Number","139"
"Value Profile of New Cars Registered","2005","14,001 - 15,000","Net registrations","Number","14871"
"Value Profile of New Cars Registered","2005","15,001 - 20,000","Gross registrations","Number","45533"
"Value Profile of New Cars Registered","2005","15,001 - 20,000","Exempt registrations","Number","946"
"Value Profile of New Cars Registered","2005","15,001 - 20,000","Net registrations","Number","44587"
"Value Profile of New Cars Registered","2005","20,001 - 25,000","Gross registrations","Number","41485"
"Value Profile of New Cars Registered","2005","20,001 - 25,000","Exempt registrations","Number","1101"
"Value Profile of New Cars Registered","2005","20,001 - 25,000","Net registrations","Number","40384"
"Value Profile of New Cars Registered","2005","25,001 - 30,000","Gross registrations","Number","23351"
"Value Profile of New Cars Registered","2005","25,001 - 30,000","Exempt registrations","Number","855"
"Value Profile of New Cars Registered","2005","25,001 - 30,000","Net registrations","Number","22496"
"Value Profile of New Cars Registered","2005","30,001 - 40,000","Gross registrations","Number","15922"
"Value Profile of New Cars Registered","2005","30,001 - 40,000","Exempt registrations","Number","689"
"Value Profile of New Cars Registered","2005","30,001 - 40,000","Net registrations","Number","15233"
"Value Profile of New Cars Registered","2005","40,001 - 50,000","Gross registrations","Number","5901"
"Value Profile of New Cars Registered","2005","40,001 - 50,000","Exempt registrations","Number","163"
"Value Profile of New Cars Registered","2005","40,001 - 50,000","Net registrations","Number","5738"
"Value Profile of New Cars Registered","2005","50,001 - 60,000","Gross registrations","Number","3924"
"Value Profile of New Cars Registered","2005","50,001 - 60,000","Exempt registrations","Number","84"
"Value Profile of New Cars Registered","2005","50,001 - 60,000","Net registrations","Number","3840"
"Value Profile of New Cars Registered","2005","60,001 - 70,000","Gross registrations","Number","3451"
"Value Profile of New Cars Registered","2005","60,001 - 70,000","Exempt registrations","Number","28"
"Value Profile of New Cars Registered","2005","60,001 - 70,000","Net registrations","Number","3423"
"Value Profile of New Cars Registered","2005","70,001 - 80,000","Gross registrations","Number","1265"
"Value Profile of New Cars Registered","2005","70,001 - 80,000","Exempt registrations","Number","9"
"Value Profile of New Cars Registered","2005","70,001 - 80,000","Net registrations","Number","1256"
"Value Profile of New Cars Registered","2005","80,001 - 90,000","Gross registrations","Number","589"
"Value Profile of New Cars Registered","2005","80,001 - 90,000","Exempt registrations","Number","3"
"Value Profile of New Cars Registered","2005","80,001 - 90,000","Net registrations","Number","586"
"Value Profile of New Cars Registered","2005","90,001 - 100,000","Gross registrations","Number","308"
"Value Profile of New Cars Registered","2005","90,001 - 100,000","Exempt registrations","Number","2"
"Value Profile of New Cars Registered","2005","90,001 - 100,000","Net registrations","Number","306"
"Value Profile of New Cars Registered","2005","100,001 - 150,000","Gross registrations","Number","666"
"Value Profile of New Cars Registered","2005","100,001 - 150,000","Exempt registrations","Number","4"
"Value Profile of New Cars Registered","2005","100,001 - 150,000","Net registrations","Number","662"
"Value Profile of New Cars Registered","2005","150,001 - 200,000","Gross registrations","Number","48"
"Value Profile of New Cars Registered","2005","150,001 - 200,000","Exempt registrations","Number",""
"Value Profile of New Cars Registered","2005","150,001 - 200,000","Net registrations","Number","48"
"Value Profile of New Cars Registered","2005","200,001 - 250,000","Gross registrations","Number","43"
"Value Profile of New Cars Registered","2005","200,001 - 250,000","Exempt registrations","Number",""
"Value Profile of New Cars Registered","2005","200,001 - 250,000","Net registrations","Number","43"
"Value Profile of New Cars Registered","2005","Over 250,000","Gross registrations","Number","10"
"Value Profile of New Cars Registered","2005","Over 250,000","Exempt registrations","Number","1"
"Value Profile of New Cars Registered","2005","Over 250,000","Net registrations","Number","9"
"Value Profile of New Cars Registered","2005","All values","Gross registrations","Number","171881"
"Value Profile of New Cars Registered","2005","All values","Exempt registrations","Number","4156"
"Value Profile of New Cars Registered","2005","All values","Net registrations","Number","167725"
"Value Profile of New Cars Registered","2006","0 - 7000","Gross registrations","Number","2"
"Value Profile of New Cars Registered","2006","0 - 7000","Exempt registrations","Number","0"
"Value Profile of New Cars Registered","2006","0 - 7000","Net registrations","Number","2"
"Value Profile of New Cars Registered","2006","7,001 - 8,000","Gross registrations","Number","0"
"Value Profile of New Cars Registered","2006","7,001 - 8,000","Exempt registrations","Number","0"
"Value Profile of New Cars Registered","2006","7,001 - 8,000","Net registrations","Number","0"
"Value Profile of New Cars Registered","2006","8,001 - 13,000","Gross registrations","Number","4470"
"Value Profile of New Cars Registered","2006","8,001 - 13,000","Exempt registrations","Number","34"
"Value Profile of New Cars Registered","2006","8,001 - 13,000","Net registrations","Number","4436"
"Value Profile of New Cars Registered","2006","13,001 - 14,000","Gross registrations","Number","6110"
"Value Profile of New Cars Registered","2006","13,001 - 14,000","Exempt registrations","Number","42"
"Value Profile of New Cars Registered","2006","13,001 - 14,000","Net registrations","Number","6068"
"Value Profile of New Cars Registered","2006","14,001 - 15,000","Gross registrations","Number","15644"
"Value Profile of New Cars Registered","2006","14,001 - 15,000","Exempt registrations","Number","180"
"Value Profile of New Cars Registered","2006","14,001 - 15,000","Net registrations","Number","15464"
"Value Profile of New Cars Registered","2006","15,001 - 20,000","Gross registrations","Number","43581"
"Value Profile of New Cars Registered","2006","15,001 - 20,000","Exempt registrations","Number","1061"
"Value Profile of New Cars Registered","2006","15,001 - 20,000","Net registrations","Number","42520"
"Value Profile of New Cars Registered","2006","20,001 - 25,000","Gross registrations","Number","43675"
"Value Profile of New Cars Registered","2006","20,001 - 25,000","Exempt registrations","Number","1234"
"Value Profile of New Cars Registered","2006","20,001 - 25,000","Net registrations","Number","42441"
"Value Profile of New Cars Registered","2006","25,001 - 30,000","Gross registrations","Number","24932"
"Value Profile of New Cars Registered","2006","25,001 - 30,000","Exempt registrations","Number","890"
"Value Profile of New Cars Registered","2006","25,001 - 30,000","Net registrations","Number","24042"
"Value Profile of New Cars Registered","2006","30,001 - 40,000","Gross registrations","Number","21212"
"Value Profile of New Cars Registered","2006","30,001 - 40,000","Exempt registrations","Number","1025"
"Value Profile of New Cars Registered","2006","30,001 - 40,000","Net registrations","Number","20187"
"Value Profile of New Cars Registered","2006","40,001 - 50,000","Gross registrations","Number","7000"
"Value Profile of New Cars Registered","2006","40,001 - 50,000","Exempt registrations","Number","202"
"Value Profile of New Cars Registered","2006","40,001 - 50,000","Net registrations","Number","6798"
"Value Profile of New Cars Registered","2006","50,001 - 60,000","Gross registrations","Number","4094"
"Value Profile of New Cars Registered","2006","50,001 - 60,000","Exempt registrations","Number","118"
"Value Profile of New Cars Registered","2006","50,001 - 60,000","Net registrations","Number","3976"
"Value Profile of New Cars Registered","2006","60,001 - 70,000","Gross registrations","Number","3019"
"Value Profile of New Cars Registered","2006","60,001 - 70,000","Exempt registrations","Number","31"
"Value Profile of New Cars Registered","2006","60,001 - 70,000","Net registrations","Number","2988"
"Value Profile of New Cars Registered","2006","70,001 - 80,000","Gross registrations","Number","1802"
"Value Profile of New Cars Registered","2006","70,001 - 80,000","Exempt registrations","Number","16"
"Value Profile of New Cars Registered","2006","70,001 - 80,000","Net registrations","Number","1786"
"Value Profile of New Cars Registered","2006","80,001 - 90,000","Gross registrations","Number","1136"
"Value Profile of New Cars Registered","2006","80,001 - 90,000","Exempt registrations","Number","10"
"Value Profile of New Cars Registered","2006","80,001 - 90,000","Net registrations","Number","1126"
"Value Profile of New Cars Registered","2006","90,001 - 100,000","Gross registrations","Number","454"
"Value Profile of New Cars Registered","2006","90,001 - 100,000","Exempt registrations","Number","3"
"Value Profile of New Cars Registered","2006","90,001 - 100,000","Net registrations","Number","451"
"Value Profile of New Cars Registered","2006","100,001 - 150,000","Gross registrations","Number","946"
"Value Profile of New Cars Registered","2006","100,001 - 150,000","Exempt registrations","Number","3"
"Value Profile of New Cars Registered","2006","100,001 - 150,000","Net registrations","Number","943"
"Value Profile of New Cars Registered","2006","150,001 - 200,000","Gross registrations","Number","125"
"Value Profile of New Cars Registered","2006","150,001 - 200,000","Exempt registrations","Number","1"
"Value Profile of New Cars Registered","2006","150,001 - 200,000","Net registrations","Number","124"
"Value Profile of New Cars Registered","2006","200,001 - 250,000","Gross registrations","Number","43"
"Value Profile of New Cars Registered","2006","200,001 - 250,000","Exempt registrations","Number","1"
"Value Profile of New Cars Registered","2006","200,001 - 250,000","Net registrations","Number","42"
"Value Profile of New Cars Registered","2006","Over 250,000","Gross registrations","Number","20"
"Value Profile of New Cars Registered","2006","Over 250,000","Exempt registrations","Number","0"
"Value Profile of New Cars Registered","2006","Over 250,000","Net registrations","Number","20"
"Value Profile of New Cars Registered","2006","All values","Gross registrations","Number","178265"
"Value Profile of New Cars Registered","2006","All values","Exempt registrations","Number","4851"
"Value Profile of New Cars Registered","2006","All values","Net registrations","Number","173414"
"Value Profile of New Cars Registered","2007","0 - 7000","Gross registrations","Number","6"
"Value Profile of New Cars Registered","2007","0 - 7000","Exempt registrations","Number","4"
"Value Profile of New Cars Registered","2007","0 - 7000","Net registrations","Number","2"
"Value Profile of New Cars Registered","2007","7,001 - 8,000","Gross registrations","Number","0"
"Value Profile of New Cars Registered","2007","7,001 - 8,000","Exempt registrations","Number","0"
"Value Profile of New Cars Registered","2007","7,001 - 8,000","Net registrations","Number","0"
"Value Profile of New Cars Registered","2007","8,001 - 13,000","Gross registrations","Number","3772"
"Value Profile of New Cars Registered","2007","8,001 - 13,000","Exempt registrations","Number","41"
"Value Profile of New Cars Registered","2007","8,001 - 13,000","Net registrations","Number","3731"
"Value Profile of New Cars Registered","2007","13,001 - 14,000","Gross registrations","Number","2911"
"Value Profile of New Cars Registered","2007","13,001 - 14,000","Exempt registrations","Number","27"
"Value Profile of New Cars Registered","2007","13,001 - 14,000","Net registrations","Number","2884"
"Value Profile of New Cars Registered","2007","14,001 - 15,000","Gross registrations","Number","12748"
"Value Profile of New Cars Registered","2007","14,001 - 15,000","Exempt registrations","Number","157"
"Value Profile of New Cars Registered","2007","14,001 - 15,000","Net registrations","Number","12591"
"Value Profile of New Cars Registered","2007","15,001 - 20,000","Gross registrations","Number","46678"
"Value Profile of New Cars Registered","2007","15,001 - 20,000","Exempt registrations","Number","993"
"Value Profile of New Cars Registered","2007","15,001 - 20,000","Net registrations","Number","45685"
"Value Profile of New Cars Registered","2007","20,001 - 25,000","Gross registrations","Number","48445"
"Value Profile of New Cars Registered","2007","20,001 - 25,000","Exempt registrations","Number","1320"
"Value Profile of New Cars Registered","2007","20,001 - 25,000","Net registrations","Number","47125"
"Value Profile of New Cars Registered","2007","25,001 - 30,000","Gross registrations","Number","26129"
"Value Profile of New Cars Registered","2007","25,001 - 30,000","Exempt registrations","Number","1039"
"Value Profile of New Cars Registered","2007","25,001 - 30,000","Net registrations","Number","25090"
"Value Profile of New Cars Registered","2007","30,001 - 40,000","Gross registrations","Number","24642"
"Value Profile of New Cars Registered","2007","30,001 - 40,000","Exempt registrations","Number","1210"
"Value Profile of New Cars Registered","2007","30,001 - 40,000","Net registrations","Number","23432"
"Value Profile of New Cars Registered","2007","40,001 - 50,000","Gross registrations","Number","7931"
"Value Profile of New Cars Registered","2007","40,001 - 50,000","Exempt registrations","Number","241"
"Value Profile of New Cars Registered","2007","40,001 - 50,000","Net registrations","Number","7690"
"Value Profile of New Cars Registered","2007","50,001 - 60,000","Gross registrations","Number","4896"
"Value Profile of New Cars Registered","2007","50,001 - 60,000","Exempt registrations","Number","148"
"Value Profile of New Cars Registered","2007","50,001 - 60,000","Net registrations","Number","4748"
"Value Profile of New Cars Registered","2007","60,001 - 70,000","Gross registrations","Number","3353"
"Value Profile of New Cars Registered","2007","60,001 - 70,000","Exempt registrations","Number","49"
"Value Profile of New Cars Registered","2007","60,001 - 70,000","Net registrations","Number","3304"
"Value Profile of New Cars Registered","2007","70,001 - 80,000","Gross registrations","Number","1957"
"Value Profile of New Cars Registered","2007","70,001 - 80,000","Exempt registrations","Number","15"
"Value Profile of New Cars Registered","2007","70,001 - 80,000","Net registrations","Number","1942"
"Value Profile of New Cars Registered","2007","80,001 - 90,000","Gross registrations","Number","1150"
"Value Profile of New Cars Registered","2007","80,001 - 90,000","Exempt registrations","Number","12"
"Value Profile of New Cars Registered","2007","80,001 - 90,000","Net registrations","Number","1138"
"Value Profile of New Cars Registered","2007","90,001 - 100,000","Gross registrations","Number","635"
"Value Profile of New Cars Registered","2007","90,001 - 100,000","Exempt registrations","Number","6"
"Value Profile of New Cars Registered","2007","90,001 - 100,000","Net registrations","Number","629"
"Value Profile of New Cars Registered","2007","100,001 - 150,000","Gross registrations","Number","1348"
"Value Profile of New Cars Registered","2007","100,001 - 150,000","Exempt registrations","Number","5"
"Value Profile of New Cars Registered","2007","100,001 - 150,000","Net registrations","Number","1343"
"Value Profile of New Cars Registered","2007","150,001 - 200,000","Gross registrations","Number","159"
"Value Profile of New Cars Registered","2007","150,001 - 200,000","Exempt registrations","Number","1"
"Value Profile of New Cars Registered","2007","150,001 - 200,000","Net registrations","Number","158"
"Value Profile of New Cars Registered","2007","200,001 - 250,000","Gross registrations","Number","40"
"Value Profile of New Cars Registered","2007","200,001 - 250,000","Exempt registrations","Number","0"
"Value Profile of New Cars Registered","2007","200,001 - 250,000","Net registrations","Number","40"
"Value Profile of New Cars Registered","2007","Over 250,000","Gross registrations","Number","41"
"Value Profile of New Cars Registered","2007","Over 250,000","Exempt registrations","Number","2"
"Value Profile of New Cars Registered","2007","Over 250,000","Net registrations","Number","39"
"Value Profile of New Cars Registered","2007","All values","Gross registrations","Number","186841"
"Value Profile of New Cars Registered","2007","All values","Exempt registrations","Number","5270"
"Value Profile of New Cars Registered","2007","All values","Net registrations","Number","181571"
"Value Profile of New Cars Registered","2008","0 - 7000","Gross registrations","Number","6"
"Value Profile of New Cars Registered","2008","0 - 7000","Exempt registrations","Number","1"
"Value Profile of New Cars Registered","2008","0 - 7000","Net registrations","Number","5"
"Value Profile of New Cars Registered","2008","7,001 - 8,000","Gross registrations","Number","57"
"Value Profile of New Cars Registered","2008","7,001 - 8,000","Exempt registrations","Number","0"
"Value Profile of New Cars Registered","2008","7,001 - 8,000","Net registrations","Number","57"
"Value Profile of New Cars Registered","2008","8,001 - 13,000","Gross registrations","Number","3293"
"Value Profile of New Cars Registered","2008","8,001 - 13,000","Exempt registrations","Number","45"
"Value Profile of New Cars Registered","2008","8,001 - 13,000","Net registrations","Number","3248"
"Value Profile of New Cars Registered","2008","13,001 - 14,000","Gross registrations","Number","3329"
"Value Profile of New Cars Registered","2008","13,001 - 14,000","Exempt registrations","Number","51"
"Value Profile of New Cars Registered","2008","13,001 - 14,000","Net registrations","Number","3278"
"Value Profile of New Cars Registered","2008","14,001 - 15,000","Gross registrations","Number","8784"
"Value Profile of New Cars Registered","2008","14,001 - 15,000","Exempt registrations","Number","115"
"Value Profile of New Cars Registered","2008","14,001 - 15,000","Net registrations","Number","8669"
"Value Profile of New Cars Registered","2008","15,001 - 20,000","Gross registrations","Number","35611"
"Value Profile of New Cars Registered","2008","15,001 - 20,000","Exempt registrations","Number","1008"
"Value Profile of New Cars Registered","2008","15,001 - 20,000","Net registrations","Number","34603"
"Value Profile of New Cars Registered","2008","20,001 - 25,000","Gross registrations","Number","41570"
"Value Profile of New Cars Registered","2008","20,001 - 25,000","Exempt registrations","Number","1318"
"Value Profile of New Cars Registered","2008","20,001 - 25,000","Net registrations","Number","40252"
"Value Profile of New Cars Registered","2008","25,001 - 30,000","Gross registrations","Number","24105"
"Value Profile of New Cars Registered","2008","25,001 - 30,000","Exempt registrations","Number","1093"
"Value Profile of New Cars Registered","2008","25,001 - 30,000","Net registrations","Number","23012"
"Value Profile of New Cars Registered","2008","30,001 - 40,000","Gross registrations","Number","18179"
"Value Profile of New Cars Registered","2008","30,001 - 40,000","Exempt registrations","Number","1248"
"Value Profile of New Cars Registered","2008","30,001 - 40,000","Net registrations","Number","16931"
"Value Profile of New Cars Registered","2008","40,001 - 50,000","Gross registrations","Number","7217"
"Value Profile of New Cars Registered","2008","40,001 - 50,000","Exempt registrations","Number","264"
"Value Profile of New Cars Registered","2008","40,001 - 50,000","Net registrations","Number","6953"
"Value Profile of New Cars Registered","2008","50,001 - 60,000","Gross registrations","Number","3627"
"Value Profile of New Cars Registered","2008","50,001 - 60,000","Exempt registrations","Number","99"
"Value Profile of New Cars Registered","2008","50,001 - 60,000","Net registrations","Number","3528"
"Value Profile of New Cars Registered","2008","60,001 - 70,000","Gross registrations","Number","2375"
"Value Profile of New Cars Registered","2008","60,001 - 70,000","Exempt registrations","Number","27"
"Value Profile of New Cars Registered","2008","60,001 - 70,000","Net registrations","Number","2348"
"Value Profile of New Cars Registered","2008","70,001 - 80,000","Gross registrations","Number","1356"
"Value Profile of New Cars Registered","2008","70,001 - 80,000","Exempt registrations","Number","14"
"Value Profile of New Cars Registered","2008","70,001 - 80,000","Net registrations","Number","1342"
"Value Profile of New Cars Registered","2008","80,001 - 90,000","Gross registrations","Number","921"
"Value Profile of New Cars Registered","2008","80,001 - 90,000","Exempt registrations","Number","10"
"Value Profile of New Cars Registered","2008","80,001 - 90,000","Net registrations","Number","911"
"Value Profile of New Cars Registered","2008","90,001 - 100,000","Gross registrations","Number","440"
"Value Profile of New Cars Registered","2008","90,001 - 100,000","Exempt registrations","Number","1"
"Value Profile of New Cars Registered","2008","90,001 - 100,000","Net registrations","Number","439"
"Value Profile of New Cars Registered","2008","100,001 - 150,000","Gross registrations","Number","891"
"Value Profile of New Cars Registered","2008","100,001 - 150,000","Exempt registrations","Number","15"
"Value Profile of New Cars Registered","2008","100,001 - 150,000","Net registrations","Number","876"
"Value Profile of New Cars Registered","2008","150,001 - 200,000","Gross registrations","Number","126"
"Value Profile of New Cars Registered","2008","150,001 - 200,000","Exempt registrations","Number","2"
"Value Profile of New Cars Registered","2008","150,001 - 200,000","Net registrations","Number","124"
"Value Profile of New Cars Registered","2008","200,001 - 250,000","Gross registrations","Number","39"
"Value Profile of New Cars Registered","2008","200,001 - 250,000","Exempt registrations","Number","0"
"Value Profile of New Cars Registered","2008","200,001 - 250,000","Net registrations","Number","39"
"Value Profile of New Cars Registered","2008","Over 250,000","Gross registrations","Number","22"
"Value Profile of New Cars Registered","2008","Over 250,000","Exempt registrations","Number","0"
"Value Profile of New Cars Registered","2008","Over 250,000","Net registrations","Number","22"
"Value Profile of New Cars Registered","2008","All values","Gross registrations","Number","151948"
"Value Profile of New Cars Registered","2008","All values","Exempt registrations","Number","5311"
"Value Profile of New Cars Registered","2008","All values","Net registrations","Number","146637"
"Value Profile of New Cars Registered","2009","0 - 7000","Gross registrations","Number","18"
"Value Profile of New Cars Registered","2009","0 - 7000","Exempt registrations","Number","2"
"Value Profile of New Cars Registered","2009","0 - 7000","Net registrations","Number","16"
"Value Profile of New Cars Registered","2009","7,001 - 8,000","Gross registrations","Number","1"
"Value Profile of New Cars Registered","2009","7,001 - 8,000","Exempt registrations","Number","0"
"Value Profile of New Cars Registered","2009","7,001 - 8,000","Net registrations","Number","1"
"Value Profile of New Cars Registered","2009","8,001 - 13,000","Gross registrations","Number","2348"
"Value Profile of New Cars Registered","2009","8,001 - 13,000","Exempt registrations","Number","40"
"Value Profile of New Cars Registered","2009","8,001 - 13,000","Net registrations","Number","2308"
"Value Profile of New Cars Registered","2009","13,001 - 14,000","Gross registrations","Number","2540"
"Value Profile of New Cars Registered","2009","13,001 - 14,000","Exempt registrations","Number","54"
"Value Profile of New Cars Registered","2009","13,001 - 14,000","Net registrations","Number","2486"
"Value Profile of New Cars Registered","2009","14,001 - 15,000","Gross registrations","Number","3546"
"Value Profile of New Cars Registered","2009","14,001 - 15,000","Exempt registrations","Number","66"
"Value Profile of New Cars Registered","2009","14,001 - 15,000","Net registrations","Number","3480"
"Value Profile of New Cars Registered","2009","15,001 - 20,000","Gross registrations","Number","12982"
"Value Profile of New Cars Registered","2009","15,001 - 20,000","Exempt registrations","Number","638"
"Value Profile of New Cars Registered","2009","15,001 - 20,000","Net registrations","Number","12344"
"Value Profile of New Cars Registered","2009","20,001 - 25,000","Gross registrations","Number","16441"
"Value Profile of New Cars Registered","2009","20,001 - 25,000","Exempt registrations","Number","924"
"Value Profile of New Cars Registered","2009","20,001 - 25,000","Net registrations","Number","15517"
"Value Profile of New Cars Registered","2009","25,001 - 30,000","Gross registrations","Number","9606"
"Value Profile of New Cars Registered","2009","25,001 - 30,000","Exempt registrations","Number","662"
"Value Profile of New Cars Registered","2009","25,001 - 30,000","Net registrations","Number","8944"
"Value Profile of New Cars Registered","2009","30,001 - 40,000","Gross registrations","Number","5802"
"Value Profile of New Cars Registered","2009","30,001 - 40,000","Exempt registrations","Number","632"
"Value Profile of New Cars Registered","2009","30,001 - 40,000","Net registrations","Number","5170"
"Value Profile of New Cars Registered","2009","40,001 - 50,000","Gross registrations","Number","2496"
"Value Profile of New Cars Registered","2009","40,001 - 50,000","Exempt registrations","Number","172"
"Value Profile of New Cars Registered","2009","40,001 - 50,000","Net registrations","Number","2324"
"Value Profile of New Cars Registered","2009","50,001 - 60,000","Gross registrations","Number","988"
"Value Profile of New Cars Registered","2009","50,001 - 60,000","Exempt registrations","Number","32"
"Value Profile of New Cars Registered","2009","50,001 - 60,000","Net registrations","Number","956"
"Value Profile of New Cars Registered","2009","60,001 - 70,000","Gross registrations","Number","220"
"Value Profile of New Cars Registered","2009","60,001 - 70,000","Exempt registrations","Number","14"
"Value Profile of New Cars Registered","2009","60,001 - 70,000","Net registrations","Number","206"
"Value Profile of New Cars Registered","2009","70,001 - 80,000","Gross registrations","Number","98"
"Value Profile of New Cars Registered","2009","70,001 - 80,000","Exempt registrations","Number","26"
"Value Profile of New Cars Registered","2009","70,001 - 80,000","Net registrations","Number","72"
"Value Profile of New Cars Registered","2009","80,001 - 90,000","Gross registrations","Number","79"
"Value Profile of New Cars Registered","2009","80,001 - 90,000","Exempt registrations","Number","7"
"Value Profile of New Cars Registered","2009","80,001 - 90,000","Net registrations","Number","72"
"Value Profile of New Cars Registered","2009","90,001 - 100,000","Gross registrations","Number","54"
"Value Profile of New Cars Registered","2009","90,001 - 100,000","Exempt registrations","Number","4"
"Value Profile of New Cars Registered","2009","90,001 - 100,000","Net registrations","Number","50"
"Value Profile of New Cars Registered","2009","100,001 - 150,000","Gross registrations","Number","99"
"Value Profile of New Cars Registered","2009","100,001 - 150,000","Exempt registrations","Number","9"
"Value Profile of New Cars Registered","2009","100,001 - 150,000","Net registrations","Number","90"
"Value Profile of New Cars Registered","2009","150,001 - 200,000","Gross registrations","Number","14"
"Value Profile of New Cars Registered","2009","150,001 - 200,000","Exempt registrations","Number","0"
"Value Profile of New Cars Registered","2009","150,001 - 200,000","Net registrations","Number","14"
"Value Profile of New Cars Registered","2009","200,001 - 250,000","Gross registrations","Number","1"
"Value Profile of New Cars Registered","2009","200,001 - 250,000","Exempt registrations","Number","0"
"Value Profile of New Cars Registered","2009","200,001 - 250,000","Net registrations","Number","1"
"Value Profile of New Cars Registered","2009","Over 250,000","Gross registrations","Number","4"
"Value Profile of New Cars Registered","2009","Over 250,000","Exempt registrations","Number","0"
"Value Profile of New Cars Registered","2009","Over 250,000","Net registrations","Number","4"
"Value Profile of New Cars Registered","2009","All values","Gross registrations","Number","57337"
"Value Profile of New Cars Registered","2009","All values","Exempt registrations","Number","3282"
"Value Profile of New Cars Registered","2009","All values","Net registrations","Number","54055"
"Value Profile of New Cars Registered","2010","0 - 7000","Gross registrations","Number","107"
"Value Profile of New Cars Registered","2010","0 - 7000","Exempt registrations","Number","22"
"Value Profile of New Cars Registered","2010","0 - 7000","Net registrations","Number","85"
"Value Profile of New Cars Registered","2010","7,001 - 8,000","Gross registrations","Number","8"
"Value Profile of New Cars Registered","2010","7,001 - 8,000","Exempt registrations","Number","0"
"Value Profile of New Cars Registered","2010","7,001 - 8,000","Net registrations","Number","8"
"Value Profile of New Cars Registered","2010","8,001 - 13,000","Gross registrations","Number","6794"
"Value Profile of New Cars Registered","2010","8,001 - 13,000","Exempt registrations","Number","73"
"Value Profile of New Cars Registered","2010","8,001 - 13,000","Net registrations","Number","6721"
"Value Profile of New Cars Registered","2010","13,001 - 14,000","Gross registrations","Number","4677"
"Value Profile of New Cars Registered","2010","13,001 - 14,000","Exempt registrations","Number","52"
"Value Profile of New Cars Registered","2010","13,001 - 14,000","Net registrations","Number","4625"
"Value Profile of New Cars Registered","2010","14,001 - 15,000","Gross registrations","Number","6050"
"Value Profile of New Cars Registered","2010","14,001 - 15,000","Exempt registrations","Number","63"
"Value Profile of New Cars Registered","2010","14,001 - 15,000","Net registrations","Number","5987"
"Value Profile of New Cars Registered","2010","15,001 - 20,000","Gross registrations","Number","24936"
"Value Profile of New Cars Registered","2010","15,001 - 20,000","Exempt registrations","Number","897"
"Value Profile of New Cars Registered","2010","15,001 - 20,000","Net registrations","Number","24039"
"Value Profile of New Cars Registered","2010","20,001 - 25,000","Gross registrations","Number","23816"
"Value Profile of New Cars Registered","2010","20,001 - 25,000","Exempt registrations","Number","1198"
"Value Profile of New Cars Registered","2010","20,001 - 25,000","Net registrations","Number","22618"
"Value Profile of New Cars Registered","2010","25,001 - 30,000","Gross registrations","Number","11587"
"Value Profile of New Cars Registered","2010","25,001 - 30,000","Exempt registrations","Number","782"
"Value Profile of New Cars Registered","2010","25,001 - 30,000","Net registrations","Number","10805"
"Value Profile of New Cars Registered","2010","30,001 - 40,000","Gross registrations","Number","6153"
"Value Profile of New Cars Registered","2010","30,001 - 40,000","Exempt registrations","Number","571"
"Value Profile of New Cars Registered","2010","30,001 - 40,000","Net registrations","Number","5582"
"Value Profile of New Cars Registered","2010","40,001 - 50,000","Gross registrations","Number","3373"
"Value Profile of New Cars Registered","2010","40,001 - 50,000","Exempt registrations","Number","225"
"Value Profile of New Cars Registered","2010","40,001 - 50,000","Net registrations","Number","3148"
"Value Profile of New Cars Registered","2010","50,001 - 60,000","Gross registrations","Number","957"
"Value Profile of New Cars Registered","2010","50,001 - 60,000","Exempt registrations","Number","31"
"Value Profile of New Cars Registered","2010","50,001 - 60,000","Net registrations","Number","926"
"Value Profile of New Cars Registered","2010","60,001 - 70,000","Gross registrations","Number","339"
"Value Profile of New Cars Registered","2010","60,001 - 70,000","Exempt registrations","Number","7"
"Value Profile of New Cars Registered","2010","60,001 - 70,000","Net registrations","Number","332"
"Value Profile of New Cars Registered","2010","70,001 - 80,000","Gross registrations","Number","148"
"Value Profile of New Cars Registered","2010","70,001 - 80,000","Exempt registrations","Number","10"
"Value Profile of New Cars Registered","2010","70,001 - 80,000","Net registrations","Number","138"
"Value Profile of New Cars Registered","2010","80,001 - 90,000","Gross registrations","Number","99"
"Value Profile of New Cars Registered","2010","80,001 - 90,000","Exempt registrations","Number","9"
"Value Profile of New Cars Registered","2010","80,001 - 90,000","Net registrations","Number","90"
"Value Profile of New Cars Registered","2010","90,001 - 100,000","Gross registrations","Number","80"
"Value Profile of New Cars Registered","2010","90,001 - 100,000","Exempt registrations","Number","0"
"Value Profile of New Cars Registered","2010","90,001 - 100,000","Net registrations","Number","80"
"Value Profile of New Cars Registered","2010","100,001 - 150,000","Gross registrations","Number","80"
"Value Profile of New Cars Registered","2010","100,001 - 150,000","Exempt registrations","Number","8"
"Value Profile of New Cars Registered","2010","100,001 - 150,000","Net registrations","Number","72"
"Value Profile of New Cars Registered","2010","150,001 - 200,000","Gross registrations","Number","4"
"Value Profile of New Cars Registered","2010","150,001 - 200,000","Exempt registrations","Number","0"
"Value Profile of New Cars Registered","2010","150,001 - 200,000","Net registrations","Number","4"
"Value Profile of New Cars Registered","2010","200,001 - 250,000","Gross registrations","Number","3"
"Value Profile of New Cars Registered","2010","200,001 - 250,000","Exempt registrations","Number","0"
"Value Profile of New Cars Registered","2010","200,001 - 250,000","Net registrations","Number","3"
"Value Profile of New Cars Registered","2010","Over 250,000","Gross registrations","Number","1"
"Value Profile of New Cars Registered","2010","Over 250,000","Exempt registrations","Number","0"
"Value Profile of New Cars Registered","2010","Over 250,000","Net registrations","Number","1"
"Value Profile of New Cars Registered","2010","All values","Gross registrations","Number","89212"
"Value Profile of New Cars Registered","2010","All values","Exempt registrations","Number","3948"
"Value Profile of New Cars Registered","2010","All values","Net registrations","Number","85264"
"Value Profile of New Cars Registered","2011","0 - 7000","Gross registrations","Number","0"
"Value Profile of New Cars Registered","2011","0 - 7000","Exempt registrations","Number","0"
"Value Profile of New Cars Registered","2011","0 - 7000","Net registrations","Number","0"
"Value Profile of New Cars Registered","2011","7,001 - 8,000","Gross registrations","Number","1"
"Value Profile of New Cars Registered","2011","7,001 - 8,000","Exempt registrations","Number","0"
"Value Profile of New Cars Registered","2011","7,001 - 8,000","Net registrations","Number","1"
"Value Profile of New Cars Registered","2011","8,001 - 13,000","Gross registrations","Number","4872"
"Value Profile of New Cars Registered","2011","8,001 - 13,000","Exempt registrations","Number","53"
"Value Profile of New Cars Registered","2011","8,001 - 13,000","Net registrations","Number","4819"
"Value Profile of New Cars Registered","2011","13,001 - 14,000","Gross registrations","Number","4066"
"Value Profile of New Cars Registered","2011","13,001 - 14,000","Exempt registrations","Number","50"
"Value Profile of New Cars Registered","2011","13,001 - 14,000","Net registrations","Number","4016"
"Value Profile of New Cars Registered","2011","14,001 - 15,000","Gross registrations","Number","6275"
"Value Profile of New Cars Registered","2011","14,001 - 15,000","Exempt registrations","Number","52"
"Value Profile of New Cars Registered","2011","14,001 - 15,000","Net registrations","Number","6223"
"Value Profile of New Cars Registered","2011","15,001 - 20,000","Gross registrations","Number","21177"
"Value Profile of New Cars Registered","2011","15,001 - 20,000","Exempt registrations","Number","670"
"Value Profile of New Cars Registered","2011","15,001 - 20,000","Net registrations","Number","20507"
"Value Profile of New Cars Registered","2011","20,001 - 25,000","Gross registrations","Number","27609"
"Value Profile of New Cars Registered","2011","20,001 - 25,000","Exempt registrations","Number","1079"
"Value Profile of New Cars Registered","2011","20,001 - 25,000","Net registrations","Number","26530"
"Value Profile of New Cars Registered","2011","25,001 - 30,000","Gross registrations","Number","12986"
"Value Profile of New Cars Registered","2011","25,001 - 30,000","Exempt registrations","Number","698"
"Value Profile of New Cars Registered","2011","25,001 - 30,000","Net registrations","Number","12288"
"Value Profile of New Cars Registered","2011","30,001 - 40,000","Gross registrations","Number","7482"
"Value Profile of New Cars Registered","2011","30,001 - 40,000","Exempt registrations","Number","549"
"Value Profile of New Cars Registered","2011","30,001 - 40,000","Net registrations","Number","6933"
"Value Profile of New Cars Registered","2011","40,001 - 50,000","Gross registrations","Number","4299"
"Value Profile of New Cars Registered","2011","40,001 - 50,000","Exempt registrations","Number","198"
"Value Profile of New Cars Registered","2011","40,001 - 50,000","Net registrations","Number","4101"
"Value Profile of New Cars Registered","2011","50,001 - 60,000","Gross registrations","Number","876"
"Value Profile of New Cars Registered","2011","50,001 - 60,000","Exempt registrations","Number","21"
"Value Profile of New Cars Registered","2011","50,001 - 60,000","Net registrations","Number","855"
"Value Profile of New Cars Registered","2011","60,001 - 70,000","Gross registrations","Number","359"
"Value Profile of New Cars Registered","2011","60,001 - 70,000","Exempt registrations","Number","12"
"Value Profile of New Cars Registered","2011","60,001 - 70,000","Net registrations","Number","347"
"Value Profile of New Cars Registered","2011","70,001 - 80,000","Gross registrations","Number","211"
"Value Profile of New Cars Registered","2011","70,001 - 80,000","Exempt registrations","Number","3"
"Value Profile of New Cars Registered","2011","70,001 - 80,000","Net registrations","Number","208"
"Value Profile of New Cars Registered","2011","80,001 - 90,000","Gross registrations","Number","101"
"Value Profile of New Cars Registered","2011","80,001 - 90,000","Exempt registrations","Number","2"
"Value Profile of New Cars Registered","2011","80,001 - 90,000","Net registrations","Number","99"
"Value Profile of New Cars Registered","2011","90,001 - 100,000","Gross registrations","Number","64"
"Value Profile of New Cars Registered","2011","90,001 - 100,000","Exempt registrations","Number","1"
"Value Profile of New Cars Registered","2011","90,001 - 100,000","Net registrations","Number","63"
"Value Profile of New Cars Registered","2011","100,001 - 150,000","Gross registrations","Number","90"
"Value Profile of New Cars Registered","2011","100,001 - 150,000","Exempt registrations","Number","2"
"Value Profile of New Cars Registered","2011","100,001 - 150,000","Net registrations","Number","88"
"Value Profile of New Cars Registered","2011","150,001 - 200,000","Gross registrations","Number","7"
"Value Profile of New Cars Registered","2011","150,001 - 200,000","Exempt registrations","Number","1"
"Value Profile of New Cars Registered","2011","150,001 - 200,000","Net registrations","Number","6"
"Value Profile of New Cars Registered","2011","200,001 - 250,000","Gross registrations","Number","0"
"Value Profile of New Cars Registered","2011","200,001 - 250,000","Exempt registrations","Number","0"
"Value Profile of New Cars Registered","2011","200,001 - 250,000","Net registrations","Number","0"
"Value Profile of New Cars Registered","2011","Over 250,000","Gross registrations","Number","2"
"Value Profile of New Cars Registered","2011","Over 250,000","Exempt registrations","Number","0"
"Value Profile of New Cars Registered","2011","Over 250,000","Net registrations","Number","2"
"Value Profile of New Cars Registered","2011","All values","Gross registrations","Number","90477"
"Value Profile of New Cars Registered","2011","All values","Exempt registrations","Number","3391"
"Value Profile of New Cars Registered","2011","All values","Net registrations","Number","87086"
"Value Profile of New Cars Registered","2012","0 - 7000","Gross registrations","Number","2"
"Value Profile of New Cars Registered","2012","0 - 7000","Exempt registrations","Number","0"
"Value Profile of New Cars Registered","2012","0 - 7000","Net registrations","Number","2"
"Value Profile of New Cars Registered","2012","7,001 - 8,000","Gross registrations","Number","175"
"Value Profile of New Cars Registered","2012","7,001 - 8,000","Exempt registrations","Number","0"
"Value Profile of New Cars Registered","2012","7,001 - 8,000","Net registrations","Number","175"
"Value Profile of New Cars Registered","2012","8,001 - 13,000","Gross registrations","Number","3340"
"Value Profile of New Cars Registered","2012","8,001 - 13,000","Exempt registrations","Number","32"
"Value Profile of New Cars Registered","2012","8,001 - 13,000","Net registrations","Number","3308"
"Value Profile of New Cars Registered","2012","13,001 - 14,000","Gross registrations","Number","2456"
"Value Profile of New Cars Registered","2012","13,001 - 14,000","Exempt registrations","Number","42"
"Value Profile of New Cars Registered","2012","13,001 - 14,000","Net registrations","Number","2414"
"Value Profile of New Cars Registered","2012","14,001 - 15,000","Gross registrations","Number","3765"
"Value Profile of New Cars Registered","2012","14,001 - 15,000","Exempt registrations","Number","70"
"Value Profile of New Cars Registered","2012","14,001 - 15,000","Net registrations","Number","3695"
"Value Profile of New Cars Registered","2012","15,001 - 20,000","Gross registrations","Number","17183"
"Value Profile of New Cars Registered","2012","15,001 - 20,000","Exempt registrations","Number","628"
"Value Profile of New Cars Registered","2012","15,001 - 20,000","Net registrations","Number","16555"
"Value Profile of New Cars Registered","2012","20,001 - 25,000","Gross registrations","Number","25116"
"Value Profile of New Cars Registered","2012","20,001 - 25,000","Exempt registrations","Number","1061"
"Value Profile of New Cars Registered","2012","20,001 - 25,000","Net registrations","Number","24055"
"Value Profile of New Cars Registered","2012","25,001 - 30,000","Gross registrations","Number","13986"
"Value Profile of New Cars Registered","2012","25,001 - 30,000","Exempt registrations","Number","932"
"Value Profile of New Cars Registered","2012","25,001 - 30,000","Net registrations","Number","13054"
"Value Profile of New Cars Registered","2012","30,001 - 40,000","Gross registrations","Number","7467"
"Value Profile of New Cars Registered","2012","30,001 - 40,000","Exempt registrations","Number","603"
"Value Profile of New Cars Registered","2012","30,001 - 40,000","Net registrations","Number","6864"
"Value Profile of New Cars Registered","2012","40,001 - 50,000","Gross registrations","Number","4676"
"Value Profile of New Cars Registered","2012","40,001 - 50,000","Exempt registrations","Number","234"
"Value Profile of New Cars Registered","2012","40,001 - 50,000","Net registrations","Number","4442"
"Value Profile of New Cars Registered","2012","50,001 - 60,000","Gross registrations","Number","847"
"Value Profile of New Cars Registered","2012","50,001 - 60,000","Exempt registrations","Number","24"
"Value Profile of New Cars Registered","2012","50,001 - 60,000","Net registrations","Number","823"
"Value Profile of New Cars Registered","2012","60,001 - 70,000","Gross registrations","Number","328"
"Value Profile of New Cars Registered","2012","60,001 - 70,000","Exempt registrations","Number","8"
"Value Profile of New Cars Registered","2012","60,001 - 70,000","Net registrations","Number","320"
"Value Profile of New Cars Registered","2012","70,001 - 80,000","Gross registrations","Number","292"
"Value Profile of New Cars Registered","2012","70,001 - 80,000","Exempt registrations","Number","2"
"Value Profile of New Cars Registered","2012","70,001 - 80,000","Net registrations","Number","290"
"Value Profile of New Cars Registered","2012","80,001 - 90,000","Gross registrations","Number","69"
"Value Profile of New Cars Registered","2012","80,001 - 90,000","Exempt registrations","Number","1"
"Value Profile of New Cars Registered","2012","80,001 - 90,000","Net registrations","Number","68"
"Value Profile of New Cars Registered","2012","90,001 - 100,000","Gross registrations","Number","80"
"Value Profile of New Cars Registered","2012","90,001 - 100,000","Exempt registrations","Number","0"
"Value Profile of New Cars Registered","2012","90,001 - 100,000","Net registrations","Number","80"
"Value Profile of New Cars Registered","2012","100,001 - 150,000","Gross registrations","Number","86"
"Value Profile of New Cars Registered","2012","100,001 - 150,000","Exempt registrations","Number","0"
"Value Profile of New Cars Registered","2012","100,001 - 150,000","Net registrations","Number","86"
"Value Profile of New Cars Registered","2012","150,001 - 200,000","Gross registrations","Number","4"
"Value Profile of New Cars Registered","2012","150,001 - 200,000","Exempt registrations","Number","0"
"Value Profile of New Cars Registered","2012","150,001 - 200,000","Net registrations","Number","4"
"Value Profile of New Cars Registered","2012","200,001 - 250,000","Gross registrations","Number","2"
"Value Profile of New Cars Registered","2012","200,001 - 250,000","Exempt registrations","Number","0"
"Value Profile of New Cars Registered","2012","200,001 - 250,000","Net registrations","Number","2"
"Value Profile of New Cars Registered","2012","Over 250,000","Gross registrations","Number","0"
"Value Profile of New Cars Registered","2012","Over 250,000","Exempt registrations","Number","0"
"Value Profile of New Cars Registered","2012","Over 250,000","Net registrations","Number","0"
"Value Profile of New Cars Registered","2012","All values","Gross registrations","Number","79874"
"Value Profile of New Cars Registered","2012","All values","Exempt registrations","Number","3637"
"Value Profile of New Cars Registered","2012","All values","Net registrations","Number","76237"
"Value Profile of New Cars Registered","2013","0 - 7000","Gross registrations","Number","0"
"Value Profile of New Cars Registered","2013","0 - 7000","Exempt registrations","Number","0"
"Value Profile of New Cars Registered","2013","0 - 7000","Net registrations","Number","0"
"Value Profile of New Cars Registered","2013","7,001 - 8,000","Gross registrations","Number","0"
"Value Profile of New Cars Registered","2013","7,001 - 8,000","Exempt registrations","Number","0"
"Value Profile of New Cars Registered","2013","7,001 - 8,000","Net registrations","Number","0"
"Value Profile of New Cars Registered","2013","8,001 - 13,000","Gross registrations","Number","3043"
"Value Profile of New Cars Registered","2013","8,001 - 13,000","Exempt registrations","Number","30"
"Value Profile of New Cars Registered","2013","8,001 - 13,000","Net registrations","Number","3013"
"Value Profile of New Cars Registered","2013","13,001 - 14,000","Gross registrations","Number","2696"
"Value Profile of New Cars Registered","2013","13,001 - 14,000","Exempt registrations","Number","34"
"Value Profile of New Cars Registered","2013","13,001 - 14,000","Net registrations","Number","2662"
"Value Profile of New Cars Registered","2013","14,001 - 15,000","Gross registrations","Number","3104"
"Value Profile of New Cars Registered","2013","14,001 - 15,000","Exempt registrations","Number","64"
"Value Profile of New Cars Registered","2013","14,001 - 15,000","Net registrations","Number","3040"
"Value Profile of New Cars Registered","2013","15,001 - 20,000","Gross registrations","Number","15046"
"Value Profile of New Cars Registered","2013","15,001 - 20,000","Exempt registrations","Number","467"
"Value Profile of New Cars Registered","2013","15,001 - 20,000","Net registrations","Number","14579"
"Value Profile of New Cars Registered","2013","20,001 - 25,000","Gross registrations","Number","21907"
"Value Profile of New Cars Registered","2013","20,001 - 25,000","Exempt registrations","Number","981"
"Value Profile of New Cars Registered","2013","20,001 - 25,000","Net registrations","Number","20926"
"Value Profile of New Cars Registered","2013","25,001 - 30,000","Gross registrations","Number","15140"
"Value Profile of New Cars Registered","2013","25,001 - 30,000","Exempt registrations","Number","921"
"Value Profile of New Cars Registered","2013","25,001 - 30,000","Net registrations","Number","14219"
"Value Profile of New Cars Registered","2013","30,001 - 40,000","Gross registrations","Number","7631"
"Value Profile of New Cars Registered","2013","30,001 - 40,000","Exempt registrations","Number","569"
"Value Profile of New Cars Registered","2013","30,001 - 40,000","Net registrations","Number","7062"
"Value Profile of New Cars Registered","2013","40,001 - 50,000","Gross registrations","Number","4376"
"Value Profile of New Cars Registered","2013","40,001 - 50,000","Exempt registrations","Number","251"
"Value Profile of New Cars Registered","2013","40,001 - 50,000","Net registrations","Number","4125"
"Value Profile of New Cars Registered","2013","50,001 - 60,000","Gross registrations","Number","1046"
"Value Profile of New Cars Registered","2013","50,001 - 60,000","Exempt registrations","Number","43"
"Value Profile of New Cars Registered","2013","50,001 - 60,000","Net registrations","Number","1003"
"Value Profile of New Cars Registered","2013","60,001 - 70,000","Gross registrations","Number","248"
"Value Profile of New Cars Registered","2013","60,001 - 70,000","Exempt registrations","Number","4"
"Value Profile of New Cars Registered","2013","60,001 - 70,000","Net registrations","Number","244"
"Value Profile of New Cars Registered","2013","70,001 - 80,000","Gross registrations","Number","197"
"Value Profile of New Cars Registered","2013","70,001 - 80,000","Exempt registrations","Number","3"
"Value Profile of New Cars Registered","2013","70,001 - 80,000","Net registrations","Number","194"
"Value Profile of New Cars Registered","2013","80,001 - 90,000","Gross registrations","Number","67"
"Value Profile of New Cars Registered","2013","80,001 - 90,000","Exempt registrations","Number","2"
"Value Profile of New Cars Registered","2013","80,001 - 90,000","Net registrations","Number","65"
"Value Profile of New Cars Registered","2013","90,001 - 100,000","Gross registrations","Number","65"
"Value Profile of New Cars Registered","2013","90,001 - 100,000","Exempt registrations","Number","1"
"Value Profile of New Cars Registered","2013","90,001 - 100,000","Net registrations","Number","64"
"Value Profile of New Cars Registered","2013","100,001 - 150,000","Gross registrations","Number","118"
"Value Profile of New Cars Registered","2013","100,001 - 150,000","Exempt registrations","Number","2"
"Value Profile of New Cars Registered","2013","100,001 - 150,000","Net registrations","Number","116"
"Value Profile of New Cars Registered","2013","150,001 - 200,000","Gross registrations","Number","5"
"Value Profile of New Cars Registered","2013","150,001 - 200,000","Exempt registrations","Number","0"
"Value Profile of New Cars Registered","2013","150,001 - 200,000","Net registrations","Number","5"
"Value Profile of New Cars Registered","2013","200,001 - 250,000","Gross registrations","Number","0"
"Value Profile of New Cars Registered","2013","200,001 - 250,000","Exempt registrations","Number","0"
"Value Profile of New Cars Registered","2013","200,001 - 250,000","Net registrations","Number","0"
"Value Profile of New Cars Registered","2013","Over 250,000","Gross registrations","Number","0"
"Value Profile of New Cars Registered","2013","Over 250,000","Exempt registrations","Number","0"
"Value Profile of New Cars Registered","2013","Over 250,000","Net registrations","Number","0"
"Value Profile of New Cars Registered","2013","All values","Gross registrations","Number","74689"
"Value Profile of New Cars Registered","2013","All values","Exempt registrations","Number","3372"
"Value Profile of New Cars Registered","2013","All values","Net registrations","Number","71317"
"Value Profile of New Cars Registered","2014","0 - 7000","Gross registrations","Number","0"
"Value Profile of New Cars Registered","2014","0 - 7000","Exempt registrations","Number","0"
"Value Profile of New Cars Registered","2014","0 - 7000","Net registrations","Number","0"
"Value Profile of New Cars Registered","2014","7,001 - 8,000","Gross registrations","Number","0"
"Value Profile of New Cars Registered","2014","7,001 - 8,000","Exempt registrations","Number","0"
"Value Profile of New Cars Registered","2014","7,001 - 8,000","Net registrations","Number","0"
"Value Profile of New Cars Registered","2014","8,001 - 13,000","Gross registrations","Number","3376"
"Value Profile of New Cars Registered","2014","8,001 - 13,000","Exempt registrations","Number","20"
"Value Profile of New Cars Registered","2014","8,001 - 13,000","Net registrations","Number","3356"
"Value Profile of New Cars Registered","2014","13,001 - 14,000","Gross registrations","Number","2887"
"Value Profile of New Cars Registered","2014","13,001 - 14,000","Exempt registrations","Number","31"
"Value Profile of New Cars Registered","2014","13,001 - 14,000","Net registrations","Number","2856"
"Value Profile of New Cars Registered","2014","14,001 - 15,000","Gross registrations","Number","3837"
"Value Profile of New Cars Registered","2014","14,001 - 15,000","Exempt registrations","Number","69"
"Value Profile of New Cars Registered","2014","14,001 - 15,000","Net registrations","Number","3768"
"Value Profile of New Cars Registered","2014","15,001 - 20,000","Gross registrations","Number","18173"
"Value Profile of New Cars Registered","2014","15,001 - 20,000","Exempt registrations","Number","557"
"Value Profile of New Cars Registered","2014","15,001 - 20,000","Net registrations","Number","17616"
"Value Profile of New Cars Registered","2014","20,001 - 25,000","Gross registrations","Number","29094"
"Value Profile of New Cars Registered","2014","20,001 - 25,000","Exempt registrations","Number","1033"
"Value Profile of New Cars Registered","2014","20,001 - 25,000","Net registrations","Number","28061"
"Value Profile of New Cars Registered","2014","25,001 - 30,000","Gross registrations","Number","21284"
"Value Profile of New Cars Registered","2014","25,001 - 30,000","Exempt registrations","Number","1223"
"Value Profile of New Cars Registered","2014","25,001 - 30,000","Net registrations","Number","20061"
"Value Profile of New Cars Registered","2014","30,001 - 40,000","Gross registrations","Number","10278"
"Value Profile of New Cars Registered","2014","30,001 - 40,000","Exempt registrations","Number","765"
"Value Profile of New Cars Registered","2014","30,001 - 40,000","Net registrations","Number","9513"
"Value Profile of New Cars Registered","2014","40,001 - 50,000","Gross registrations","Number","4952"
"Value Profile of New Cars Registered","2014","40,001 - 50,000","Exempt registrations","Number","256"
"Value Profile of New Cars Registered","2014","40,001 - 50,000","Net registrations","Number","4696"
"Value Profile of New Cars Registered","2014","50,001 - 60,000","Gross registrations","Number","1545"
"Value Profile of New Cars Registered","2014","50,001 - 60,000","Exempt registrations","Number","42"
"Value Profile of New Cars Registered","2014","50,001 - 60,000","Net registrations","Number","1503"
"Value Profile of New Cars Registered","2014","60,001 - 70,000","Gross registrations","Number","346"
"Value Profile of New Cars Registered","2014","60,001 - 70,000","Exempt registrations","Number","11"
"Value Profile of New Cars Registered","2014","60,001 - 70,000","Net registrations","Number","335"
"Value Profile of New Cars Registered","2014","70,001 - 80,000","Gross registrations","Number","283"
"Value Profile of New Cars Registered","2014","70,001 - 80,000","Exempt registrations","Number","4"
"Value Profile of New Cars Registered","2014","70,001 - 80,000","Net registrations","Number","279"
"Value Profile of New Cars Registered","2014","80,001 - 90,000","Gross registrations","Number","153"
"Value Profile of New Cars Registered","2014","80,001 - 90,000","Exempt registrations","Number","4"
"Value Profile of New Cars Registered","2014","80,001 - 90,000","Net registrations","Number","149"
"Value Profile of New Cars Registered","2014","90,001 - 100,000","Gross registrations","Number","183"
"Value Profile of New Cars Registered","2014","90,001 - 100,000","Exempt registrations","Number","1"
"Value Profile of New Cars Registered","2014","90,001 - 100,000","Net registrations","Number","182"
"Value Profile of New Cars Registered","2014","100,001 - 150,000","Gross registrations","Number","218"
"Value Profile of New Cars Registered","2014","100,001 - 150,000","Exempt registrations","Number","0"
"Value Profile of New Cars Registered","2014","100,001 - 150,000","Net registrations","Number","218"
"Value Profile of New Cars Registered","2014","150,001 - 200,000","Gross registrations","Number","18"
"Value Profile of New Cars Registered","2014","150,001 - 200,000","Exempt registrations","Number","0"
"Value Profile of New Cars Registered","2014","150,001 - 200,000","Net registrations","Number","18"
"Value Profile of New Cars Registered","2014","200,001 - 250,000","Gross registrations","Number","3"
"Value Profile of New Cars Registered","2014","200,001 - 250,000","Exempt registrations","Number","1"
"Value Profile of New Cars Registered","2014","200,001 - 250,000","Net registrations","Number","2"
"Value Profile of New Cars Registered","2014","Over 250,000","Gross registrations","Number","0"
"Value Profile of New Cars Registered","2014","Over 250,000","Exempt registrations","Number","0"
"Value Profile of New Cars Registered","2014","Over 250,000","Net registrations","Number","0"
"Value Profile of New Cars Registered","2014","All values","Gross registrations","Number","96630"
"Value Profile of New Cars Registered","2014","All values","Exempt registrations","Number","4017"
"Value Profile of New Cars Registered","2014","All values","Net registrations","Number","92613"
"Value Profile of New Cars Registered","2015","0 - 7000","Gross registrations","Number","2"
"Value Profile of New Cars Registered","2015","0 - 7000","Exempt registrations","Number","0"
"Value Profile of New Cars Registered","2015","0 - 7000","Net registrations","Number","2"
"Value Profile of New Cars Registered","2015","7,001 - 8,000","Gross registrations","Number","0"
"Value Profile of New Cars Registered","2015","7,001 - 8,000","Exempt registrations","Number","0"
"Value Profile of New Cars Registered","2015","7,001 - 8,000","Net registrations","Number","0"
"Value Profile of New Cars Registered","2015","8,001 - 13,000","Gross registrations","Number","4235"
"Value Profile of New Cars Registered","2015","8,001 - 13,000","Exempt registrations","Number","20"
"Value Profile of New Cars Registered","2015","8,001 - 13,000","Net registrations","Number","4215"
"Value Profile of New Cars Registered","2015","13,001 - 14,000","Gross registrations","Number","1916"
"Value Profile of New Cars Registered","2015","13,001 - 14,000","Exempt registrations","Number","33"
"Value Profile of New Cars Registered","2015","13,001 - 14,000","Net registrations","Number","1883"
"Value Profile of New Cars Registered","2015","14,001 - 15,000","Gross registrations","Number","5625"
"Value Profile of New Cars Registered","2015","14,001 - 15,000","Exempt registrations","Number","56"
"Value Profile of New Cars Registered","2015","14,001 - 15,000","Net registrations","Number","5569"
"Value Profile of New Cars Registered","2015","15,001 - 20,000","Gross registrations","Number","23841"
"Value Profile of New Cars Registered","2015","15,001 - 20,000","Exempt registrations","Number","539"
"Value Profile of New Cars Registered","2015","15,001 - 20,000","Net registrations","Number","23302"
"Value Profile of New Cars Registered","2015","20,001 - 25,000","Gross registrations","Number","35577"
"Value Profile of New Cars Registered","2015","20,001 - 25,000","Exempt registrations","Number","1077"
"Value Profile of New Cars Registered","2015","20,001 - 25,000","Net registrations","Number","34500"
"Value Profile of New Cars Registered","2015","25,001 - 30,000","Gross registrations","Number","29051"
"Value Profile of New Cars Registered","2015","25,001 - 30,000","Exempt registrations","Number","1322"
"Value Profile of New Cars Registered","2015","25,001 - 30,000","Net registrations","Number","27729"
"Value Profile of New Cars Registered","2015","30,001 - 40,000","Gross registrations","Number","14151"
"Value Profile of New Cars Registered","2015","30,001 - 40,000","Exempt registrations","Number","856"
"Value Profile of New Cars Registered","2015","30,001 - 40,000","Net registrations","Number","13295"
"Value Profile of New Cars Registered","2015","40,001 - 50,000","Gross registrations","Number","7045"
"Value Profile of New Cars Registered","2015","40,001 - 50,000","Exempt registrations","Number","355"
"Value Profile of New Cars Registered","2015","40,001 - 50,000","Net registrations","Number","6690"
"Value Profile of New Cars Registered","2015","50,001 - 60,000","Gross registrations","Number","1907"
"Value Profile of New Cars Registered","2015","50,001 - 60,000","Exempt registrations","Number","69"
"Value Profile of New Cars Registered","2015","50,001 - 60,000","Net registrations","Number","1838"
"Value Profile of New Cars Registered","2015","60,001 - 70,000","Gross registrations","Number","609"
"Value Profile of New Cars Registered","2015","60,001 - 70,000","Exempt registrations","Number","29"
"Value Profile of New Cars Registered","2015","60,001 - 70,000","Net registrations","Number","580"
"Value Profile of New Cars Registered","2015","70,001 - 80,000","Gross registrations","Number","397"
"Value Profile of New Cars Registered","2015","70,001 - 80,000","Exempt registrations","Number","4"
"Value Profile of New Cars Registered","2015","70,001 - 80,000","Net registrations","Number","393"
"Value Profile of New Cars Registered","2015","80,001 - 90,000","Gross registrations","Number","233"
"Value Profile of New Cars Registered","2015","80,001 - 90,000","Exempt registrations","Number","1"
"Value Profile of New Cars Registered","2015","80,001 - 90,000","Net registrations","Number","232"
"Value Profile of New Cars Registered","2015","90,001 - 100,000","Gross registrations","Number","267"
"Value Profile of New Cars Registered","2015","90,001 - 100,000","Exempt registrations","Number","2"
"Value Profile of New Cars Registered","2015","90,001 - 100,000","Net registrations","Number","265"
"Value Profile of New Cars Registered","2015","100,001 - 150,000","Gross registrations","Number","320"
"Value Profile of New Cars Registered","2015","100,001 - 150,000","Exempt registrations","Number","1"
"Value Profile of New Cars Registered","2015","100,001 - 150,000","Net registrations","Number","319"
"Value Profile of New Cars Registered","2015","150,001 - 200,000","Gross registrations","Number","20"
"Value Profile of New Cars Registered","2015","150,001 - 200,000","Exempt registrations","Number","1"
"Value Profile of New Cars Registered","2015","150,001 - 200,000","Net registrations","Number","19"
"Value Profile of New Cars Registered","2015","200,001 - 250,000","Gross registrations","Number","9"
"Value Profile of New Cars Registered","2015","200,001 - 250,000","Exempt registrations","Number","1"
"Value Profile of New Cars Registered","2015","200,001 - 250,000","Net registrations","Number","8"
"Value Profile of New Cars Registered","2015","Over 250,000","Gross registrations","Number","6"
"Value Profile of New Cars Registered","2015","Over 250,000","Exempt registrations","Number","0"
"Value Profile of New Cars Registered","2015","Over 250,000","Net registrations","Number","6"
"Value Profile of New Cars Registered","2015","All values","Gross registrations","Number","125211"
"Value Profile of New Cars Registered","2015","All values","Exempt registrations","Number","4366"
"Value Profile of New Cars Registered","2015","All values","Net registrations","Number","120845"
"Value Profile of New Cars Registered","2016","0 - 7000","Gross registrations","Number","0"
"Value Profile of New Cars Registered","2016","0 - 7000","Exempt registrations","Number","0"
"Value Profile of New Cars Registered","2016","0 - 7000","Net registrations","Number","0"
"Value Profile of New Cars Registered","2016","7,001 - 8,000","Gross registrations","Number","0"
"Value Profile of New Cars Registered","2016","7,001 - 8,000","Exempt registrations","Number","0"
"Value Profile of New Cars Registered","2016","7,001 - 8,000","Net registrations","Number","0"
"Value Profile of New Cars Registered","2016","8,001 - 13,000","Gross registrations","Number","3992"
"Value Profile of New Cars Registered","2016","8,001 - 13,000","Exempt registrations","Number","21"
"Value Profile of New Cars Registered","2016","8,001 - 13,000","Net registrations","Number","3971"
"Value Profile of New Cars Registered","2016","13,001 - 14,000","Gross registrations","Number","1435"
"Value Profile of New Cars Registered","2016","13,001 - 14,000","Exempt registrations","Number","10"
"Value Profile of New Cars Registered","2016","13,001 - 14,000","Net registrations","Number","1425"
"Value Profile of New Cars Registered","2016","14,001 - 15,000","Gross registrations","Number","5025"
"Value Profile of New Cars Registered","2016","14,001 - 15,000","Exempt registrations","Number","72"
"Value Profile of New Cars Registered","2016","14,001 - 15,000","Net registrations","Number","4953"
"Value Profile of New Cars Registered","2016","15,001 - 20,000","Gross registrations","Number","25813"
"Value Profile of New Cars Registered","2016","15,001 - 20,000","Exempt registrations","Number","540"
"Value Profile of New Cars Registered","2016","15,001 - 20,000","Net registrations","Number","25273"
"Value Profile of New Cars Registered","2016","20,001 - 25,000","Gross registrations","Number","36749"
"Value Profile of New Cars Registered","2016","20,001 - 25,000","Exempt registrations","Number","1072"
"Value Profile of New Cars Registered","2016","20,001 - 25,000","Net registrations","Number","35677"
"Value Profile of New Cars Registered","2016","25,001 - 30,000","Gross registrations","Number","37251"
"Value Profile of New Cars Registered","2016","25,001 - 30,000","Exempt registrations","Number","1515"
"Value Profile of New Cars Registered","2016","25,001 - 30,000","Net registrations","Number","35736"
"Value Profile of New Cars Registered","2016","30,001 - 40,000","Gross registrations","Number","21827"
"Value Profile of New Cars Registered","2016","30,001 - 40,000","Exempt registrations","Number","1314"
"Value Profile of New Cars Registered","2016","30,001 - 40,000","Net registrations","Number","20513"
"Value Profile of New Cars Registered","2016","40,001 - 50,000","Gross registrations","Number","8732"
"Value Profile of New Cars Registered","2016","40,001 - 50,000","Exempt registrations","Number","437"
"Value Profile of New Cars Registered","2016","40,001 - 50,000","Net registrations","Number","8295"
"Value Profile of New Cars Registered","2016","50,001 - 60,000","Gross registrations","Number","3298"
"Value Profile of New Cars Registered","2016","50,001 - 60,000","Exempt registrations","Number","114"
"Value Profile of New Cars Registered","2016","50,001 - 60,000","Net registrations","Number","3184"
"Value Profile of New Cars Registered","2016","60,001 - 70,000","Gross registrations","Number","924"
"Value Profile of New Cars Registered","2016","60,001 - 70,000","Exempt registrations","Number","27"
"Value Profile of New Cars Registered","2016","60,001 - 70,000","Net registrations","Number","897"
"Value Profile of New Cars Registered","2016","70,001 - 80,000","Gross registrations","Number","692"
"Value Profile of New Cars Registered","2016","70,001 - 80,000","Exempt registrations","Number","10"
"Value Profile of New Cars Registered","2016","70,001 - 80,000","Net registrations","Number","682"
"Value Profile of New Cars Registered","2016","80,001 - 90,000","Gross registrations","Number","312"
"Value Profile of New Cars Registered","2016","80,001 - 90,000","Exempt registrations","Number","6"
"Value Profile of New Cars Registered","2016","80,001 - 90,000","Net registrations","Number","306"
"Value Profile of New Cars Registered","2016","90,001 - 100,000","Gross registrations","Number","299"
"Value Profile of New Cars Registered","2016","90,001 - 100,000","Exempt registrations","Number","1"
"Value Profile of New Cars Registered","2016","90,001 - 100,000","Net registrations","Number","298"
"Value Profile of New Cars Registered","2016","100,001 - 150,000","Gross registrations","Number","415"
"Value Profile of New Cars Registered","2016","100,001 - 150,000","Exempt registrations","Number","6"
"Value Profile of New Cars Registered","2016","100,001 - 150,000","Net registrations","Number","409"
"Value Profile of New Cars Registered","2016","150,001 - 200,000","Gross registrations","Number","31"
"Value Profile of New Cars Registered","2016","150,001 - 200,000","Exempt registrations","Number","0"
"Value Profile of New Cars Registered","2016","150,001 - 200,000","Net registrations","Number","31"
"Value Profile of New Cars Registered","2016","200,001 - 250,000","Gross registrations","Number","3"
"Value Profile of New Cars Registered","2016","200,001 - 250,000","Exempt registrations","Number","0"
"Value Profile of New Cars Registered","2016","200,001 - 250,000","Net registrations","Number","3"
"Value Profile of New Cars Registered","2016","Over 250,000","Gross registrations","Number","8"
"Value Profile of New Cars Registered","2016","Over 250,000","Exempt registrations","Number","1"
"Value Profile of New Cars Registered","2016","Over 250,000","Net registrations","Number","7"
"Value Profile of New Cars Registered","2016","All values","Gross registrations","Number","146806"
"Value Profile of New Cars Registered","2016","All values","Exempt registrations","Number","5146"
"Value Profile of New Cars Registered","2016","All values","Net registrations","Number","141660"
"Value Profile of New Cars Registered","2017","0 - 7000","Gross registrations","Number","0"
"Value Profile of New Cars Registered","2017","0 - 7000","Exempt registrations","Number","0"
"Value Profile of New Cars Registered","2017","0 - 7000","Net registrations","Number","0"
"Value Profile of New Cars Registered","2017","7,001 - 8,000","Gross registrations","Number","0"
"Value Profile of New Cars Registered","2017","7,001 - 8,000","Exempt registrations","Number","0"
"Value Profile of New Cars Registered","2017","7,001 - 8,000","Net registrations","Number","0"
"Value Profile of New Cars Registered","2017","8,001 - 13,000","Gross registrations","Number","2903"
"Value Profile of New Cars Registered","2017","8,001 - 13,000","Exempt registrations","Number","15"
"Value Profile of New Cars Registered","2017","8,001 - 13,000","Net registrations","Number","2888"
"Value Profile of New Cars Registered","2017","13,001 - 14,000","Gross registrations","Number","2126"
"Value Profile of New Cars Registered","2017","13,001 - 14,000","Exempt registrations","Number","14"
"Value Profile of New Cars Registered","2017","13,001 - 14,000","Net registrations","Number","2112"
"Value Profile of New Cars Registered","2017","14,001 - 15,000","Gross registrations","Number","3861"
"Value Profile of New Cars Registered","2017","14,001 - 15,000","Exempt registrations","Number","52"
"Value Profile of New Cars Registered","2017","14,001 - 15,000","Net registrations","Number","3809"
"Value Profile of New Cars Registered","2017","15,001 - 20,000","Gross registrations","Number","22152"
"Value Profile of New Cars Registered","2017","15,001 - 20,000","Exempt registrations","Number","503"
"Value Profile of New Cars Registered","2017","15,001 - 20,000","Net registrations","Number","21649"
"Value Profile of New Cars Registered","2017","20,001 - 25,000","Gross registrations","Number","29545"
"Value Profile of New Cars Registered","2017","20,001 - 25,000","Exempt registrations","Number","976"
"Value Profile of New Cars Registered","2017","20,001 - 25,000","Net registrations","Number","28569"
"Value Profile of New Cars Registered","2017","25,001 - 30,000","Gross registrations","Number","31101"
"Value Profile of New Cars Registered","2017","25,001 - 30,000","Exempt registrations","Number","1322"
"Value Profile of New Cars Registered","2017","25,001 - 30,000","Net registrations","Number","29779"
"Value Profile of New Cars Registered","2017","30,001 - 40,000","Gross registrations","Number","24651"
"Value Profile of New Cars Registered","2017","30,001 - 40,000","Exempt registrations","Number","1480"
"Value Profile of New Cars Registered","2017","30,001 - 40,000","Net registrations","Number","23171"
"Value Profile of New Cars Registered","2017","40,001 - 50,000","Gross registrations","Number","8821"
"Value Profile of New Cars Registered","2017","40,001 - 50,000","Exempt registrations","Number","508"
"Value Profile of New Cars Registered","2017","40,001 - 50,000","Net registrations","Number","8313"
"Value Profile of New Cars Registered","2017","50,001 - 60,000","Gross registrations","Number","3855"
"Value Profile of New Cars Registered","2017","50,001 - 60,000","Exempt registrations","Number","123"
"Value Profile of New Cars Registered","2017","50,001 - 60,000","Net registrations","Number","3732"
"Value Profile of New Cars Registered","2017","60,001 - 70,000","Gross registrations","Number","1013"
"Value Profile of New Cars Registered","2017","60,001 - 70,000","Exempt registrations","Number","38"
"Value Profile of New Cars Registered","2017","60,001 - 70,000","Net registrations","Number","975"
"Value Profile of New Cars Registered","2017","70,001 - 80,000","Gross registrations","Number","684"
"Value Profile of New Cars Registered","2017","70,001 - 80,000","Exempt registrations","Number","13"
"Value Profile of New Cars Registered","2017","70,001 - 80,000","Net registrations","Number","671"
"Value Profile of New Cars Registered","2017","80,001 - 90,000","Gross registrations","Number","322"
"Value Profile of New Cars Registered","2017","80,001 - 90,000","Exempt registrations","Number","4"
"Value Profile of New Cars Registered","2017","80,001 - 90,000","Net registrations","Number","318"
"Value Profile of New Cars Registered","2017","90,001 - 100,000","Gross registrations","Number","292"
"Value Profile of New Cars Registered","2017","90,001 - 100,000","Exempt registrations","Number","3"
"Value Profile of New Cars Registered","2017","90,001 - 100,000","Net registrations","Number","289"
"Value Profile of New Cars Registered","2017","100,001 - 150,000","Gross registrations","Number","313"
"Value Profile of New Cars Registered","2017","100,001 - 150,000","Exempt registrations","Number","3"
"Value Profile of New Cars Registered","2017","100,001 - 150,000","Net registrations","Number","310"
"Value Profile of New Cars Registered","2017","150,001 - 200,000","Gross registrations","Number","33"
"Value Profile of New Cars Registered","2017","150,001 - 200,000","Exempt registrations","Number","0"
"Value Profile of New Cars Registered","2017","150,001 - 200,000","Net registrations","Number","33"
"Value Profile of New Cars Registered","2017","200,001 - 250,000","Gross registrations","Number","8"
"Value Profile of New Cars Registered","2017","200,001 - 250,000","Exempt registrations","Number","0"
"Value Profile of New Cars Registered","2017","200,001 - 250,000","Net registrations","Number","8"
"Value Profile of New Cars Registered","2017","Over 250,000","Gross registrations","Number","3"
"Value Profile of New Cars Registered","2017","Over 250,000","Exempt registrations","Number","1"
"Value Profile of New Cars Registered","2017","Over 250,000","Net registrations","Number","2"
"Value Profile of New Cars Registered","2017","All values","Gross registrations","Number","131683"
"Value Profile of New Cars Registered","2017","All values","Exempt registrations","Number","5055"
"Value Profile of New Cars Registered","2017","All values","Net registrations","Number","126628"
"Value Profile of New Cars Registered","2018","0 - 7000","Gross registrations","Number","0"
"Value Profile of New Cars Registered","2018","0 - 7000","Exempt registrations","Number","0"
"Value Profile of New Cars Registered","2018","0 - 7000","Net registrations","Number","0"
"Value Profile of New Cars Registered","2018","7,001 - 8,000","Gross registrations","Number","1"
"Value Profile of New Cars Registered","2018","7,001 - 8,000","Exempt registrations","Number","1"
"Value Profile of New Cars Registered","2018","7,001 - 8,000","Net registrations","Number","0"
"Value Profile of New Cars Registered","2018","8,001 - 13,000","Gross registrations","Number","2859"
"Value Profile of New Cars Registered","2018","8,001 - 13,000","Exempt registrations","Number","17"
"Value Profile of New Cars Registered","2018","8,001 - 13,000","Net registrations","Number","2842"
"Value Profile of New Cars Registered","2018","13,001 - 14,000","Gross registrations","Number","1897"
"Value Profile of New Cars Registered","2018","13,001 - 14,000","Exempt registrations","Number","15"
"Value Profile of New Cars Registered","2018","13,001 - 14,000","Net registrations","Number","1882"
"Value Profile of New Cars Registered","2018","14,001 - 15,000","Gross registrations","Number","2521"
"Value Profile of New Cars Registered","2018","14,001 - 15,000","Exempt registrations","Number","38"
"Value Profile of New Cars Registered","2018","14,001 - 15,000","Net registrations","Number","2483"
"Value Profile of New Cars Registered","2018","15,001 - 20,000","Gross registrations","Number","20364"
"Value Profile of New Cars Registered","2018","15,001 - 20,000","Exempt registrations","Number","405"
"Value Profile of New Cars Registered","2018","15,001 - 20,000","Net registrations","Number","19959"
"Value Profile of New Cars Registered","2018","20,001 - 25,000","Gross registrations","Number","25218"
"Value Profile of New Cars Registered","2018","20,001 - 25,000","Exempt registrations","Number","866"
"Value Profile of New Cars Registered","2018","20,001 - 25,000","Net registrations","Number","24352"
"Value Profile of New Cars Registered","2018","25,001 - 30,000","Gross registrations","Number","30837"
"Value Profile of New Cars Registered","2018","25,001 - 30,000","Exempt registrations","Number","1337"
"Value Profile of New Cars Registered","2018","25,001 - 30,000","Net registrations","Number","29500"
"Value Profile of New Cars Registered","2018","30,001 - 40,000","Gross registrations","Number","27048"
"Value Profile of New Cars Registered","2018","30,001 - 40,000","Exempt registrations","Number","1708"
"Value Profile of New Cars Registered","2018","30,001 - 40,000","Net registrations","Number","25340"
"Value Profile of New Cars Registered","2018","40,001 - 50,000","Gross registrations","Number","8337"
"Value Profile of New Cars Registered","2018","40,001 - 50,000","Exempt registrations","Number","562"
"Value Profile of New Cars Registered","2018","40,001 - 50,000","Net registrations","Number","7775"
"Value Profile of New Cars Registered","2018","50,001 - 60,000","Gross registrations","Number","4017"
"Value Profile of New Cars Registered","2018","50,001 - 60,000","Exempt registrations","Number","172"
"Value Profile of New Cars Registered","2018","50,001 - 60,000","Net registrations","Number","3845"
"Value Profile of New Cars Registered","2018","60,001 - 70,000","Gross registrations","Number","1078"
"Value Profile of New Cars Registered","2018","60,001 - 70,000","Exempt registrations","Number","36"
"Value Profile of New Cars Registered","2018","60,001 - 70,000","Net registrations","Number","1042"
"Value Profile of New Cars Registered","2018","70,001 - 80,000","Gross registrations","Number","892"
"Value Profile of New Cars Registered","2018","70,001 - 80,000","Exempt registrations","Number","20"
"Value Profile of New Cars Registered","2018","70,001 - 80,000","Net registrations","Number","872"
"Value Profile of New Cars Registered","2018","80,001 - 90,000","Gross registrations","Number","419"
"Value Profile of New Cars Registered","2018","80,001 - 90,000","Exempt registrations","Number","5"
"Value Profile of New Cars Registered","2018","80,001 - 90,000","Net registrations","Number","414"
"Value Profile of New Cars Registered","2018","90,001 - 100,000","Gross registrations","Number","237"
"Value Profile of New Cars Registered","2018","90,001 - 100,000","Exempt registrations","Number","1"
"Value Profile of New Cars Registered","2018","90,001 - 100,000","Net registrations","Number","236"
"Value Profile of New Cars Registered","2018","100,001 - 150,000","Gross registrations","Number","460"
"Value Profile of New Cars Registered","2018","100,001 - 150,000","Exempt registrations","Number","4"
"Value Profile of New Cars Registered","2018","100,001 - 150,000","Net registrations","Number","456"
"Value Profile of New Cars Registered","2018","150,001 - 200,000","Gross registrations","Number","72"
"Value Profile of New Cars Registered","2018","150,001 - 200,000","Exempt registrations","Number","0"
"Value Profile of New Cars Registered","2018","150,001 - 200,000","Net registrations","Number","72"
"Value Profile of New Cars Registered","2018","200,001 - 250,000","Gross registrations","Number","14"
"Value Profile of New Cars Registered","2018","200,001 - 250,000","Exempt registrations","Number","0"
"Value Profile of New Cars Registered","2018","200,001 - 250,000","Net registrations","Number","14"
"Value Profile of New Cars Registered","2018","Over 250,000","Gross registrations","Number","9"
"Value Profile of New Cars Registered","2018","Over 250,000","Exempt registrations","Number","1"
"Value Profile of New Cars Registered","2018","Over 250,000","Net registrations","Number","8"
"Value Profile of New Cars Registered","2018","All values","Gross registrations","Number","126280"
"Value Profile of New Cars Registered","2018","All values","Exempt registrations","Number","5188"
"Value Profile of New Cars Registered","2018","All values","Net registrations","Number","121092"
"Value Profile of New Cars Registered","2019","0 - 7000","Gross registrations","Number","0"
"Value Profile of New Cars Registered","2019","0 - 7000","Exempt registrations","Number","0"
"Value Profile of New Cars Registered","2019","0 - 7000","Net registrations","Number","0"
"Value Profile of New Cars Registered","2019","7,001 - 8,000","Gross registrations","Number","0"
"Value Profile of New Cars Registered","2019","7,001 - 8,000","Exempt registrations","Number","0"
"Value Profile of New Cars Registered","2019","7,001 - 8,000","Net registrations","Number","0"
"Value Profile of New Cars Registered","2019","8,001 - 13,000","Gross registrations","Number","1912"
"Value Profile of New Cars Registered","2019","8,001 - 13,000","Exempt registrations","Number","9"
"Value Profile of New Cars Registered","2019","8,001 - 13,000","Net registrations","Number","1903"
"Value Profile of New Cars Registered","2019","13,001 - 14,000","Gross registrations","Number","1015"
"Value Profile of New Cars Registered","2019","13,001 - 14,000","Exempt registrations","Number","9"
"Value Profile of New Cars Registered","2019","13,001 - 14,000","Net registrations","Number","1006"
"Value Profile of New Cars Registered","2019","14,001 - 15,000","Gross registrations","Number","1211"
"Value Profile of New Cars Registered","2019","14,001 - 15,000","Exempt registrations","Number","15"
"Value Profile of New Cars Registered","2019","14,001 - 15,000","Net registrations","Number","1196"
"Value Profile of New Cars Registered","2019","15,001 - 20,000","Gross registrations","Number","18796"
"Value Profile of New Cars Registered","2019","15,001 - 20,000","Exempt registrations","Number","388"
"Value Profile of New Cars Registered","2019","15,001 - 20,000","Net registrations","Number","18408"
"Value Profile of New Cars Registered","2019","20,001 - 25,000","Gross registrations","Number","20353"
"Value Profile of New Cars Registered","2019","20,001 - 25,000","Exempt registrations","Number","755"
"Value Profile of New Cars Registered","2019","20,001 - 25,000","Net registrations","Number","19598"
"Value Profile of New Cars Registered","2019","25,001 - 30,000","Gross registrations","Number","26464"
"Value Profile of New Cars Registered","2019","25,001 - 30,000","Exempt registrations","Number","1155"
"Value Profile of New Cars Registered","2019","25,001 - 30,000","Net registrations","Number","25309"
"Value Profile of New Cars Registered","2019","30,001 - 40,000","Gross registrations","Number","29301"
"Value Profile of New Cars Registered","2019","30,001 - 40,000","Exempt registrations","Number","1846"
"Value Profile of New Cars Registered","2019","30,001 - 40,000","Net registrations","Number","27455"
"Value Profile of New Cars Registered","2019","40,001 - 50,000","Gross registrations","Number","11782"
"Value Profile of New Cars Registered","2019","40,001 - 50,000","Exempt registrations","Number","704"
"Value Profile of New Cars Registered","2019","40,001 - 50,000","Net registrations","Number","11078"
"Value Profile of New Cars Registered","2019","50,001 - 60,000","Gross registrations","Number","4031"
"Value Profile of New Cars Registered","2019","50,001 - 60,000","Exempt registrations","Number","186"
"Value Profile of New Cars Registered","2019","50,001 - 60,000","Net registrations","Number","3845"
"Value Profile of New Cars Registered","2019","60,001 - 70,000","Gross registrations","Number","939"
"Value Profile of New Cars Registered","2019","60,001 - 70,000","Exempt registrations","Number","27"
"Value Profile of New Cars Registered","2019","60,001 - 70,000","Net registrations","Number","912"
"Value Profile of New Cars Registered","2019","70,001 - 80,000","Gross registrations","Number","593"
"Value Profile of New Cars Registered","2019","70,001 - 80,000","Exempt registrations","Number","14"
"Value Profile of New Cars Registered","2019","70,001 - 80,000","Net registrations","Number","579"
"Value Profile of New Cars Registered","2019","80,001 - 90,000","Gross registrations","Number","517"
"Value Profile of New Cars Registered","2019","80,001 - 90,000","Exempt registrations","Number","10"
"Value Profile of New Cars Registered","2019","80,001 - 90,000","Net registrations","Number","507"
"Value Profile of New Cars Registered","2019","90,001 - 100,000","Gross registrations","Number","477"
"Value Profile of New Cars Registered","2019","90,001 - 100,000","Exempt registrations","Number","5"
"Value Profile of New Cars Registered","2019","90,001 - 100,000","Net registrations","Number","472"
"Value Profile of New Cars Registered","2019","100,001 - 150,000","Gross registrations","Number","667"
"Value Profile of New Cars Registered","2019","100,001 - 150,000","Exempt registrations","Number","4"
"Value Profile of New Cars Registered","2019","100,001 - 150,000","Net registrations","Number","663"
"Value Profile of New Cars Registered","2019","150,001 - 200,000","Gross registrations","Number","38"
"Value Profile of New Cars Registered","2019","150,001 - 200,000","Exempt registrations","Number","0"
"Value Profile of New Cars Registered","2019","150,001 - 200,000","Net registrations","Number","38"
"Value Profile of New Cars Registered","2019","200,001 - 250,000","Gross registrations","Number","10"
"Value Profile of New Cars Registered","2019","200,001 - 250,000","Exempt registrations","Number","1"
"Value Profile of New Cars Registered","2019","200,001 - 250,000","Net registrations","Number","9"
"Value Profile of New Cars Registered","2019","Over 250,000","Gross registrations","Number","10"
"Value Profile of New Cars Registered","2019","Over 250,000","Exempt registrations","Number","0"
"Value Profile of New Cars Registered","2019","Over 250,000","Net registrations","Number","10"
"Value Profile of New Cars Registered","2019","All values","Gross registrations","Number","118116"
"Value Profile of New Cars Registered","2019","All values","Exempt registrations","Number","5128"
"Value Profile of New Cars Registered","2019","All values","Net registrations","Number","112988"
